{
  "MAE": 18284.89632587287,
  "MSE": 868893813.4672042,
  "RMSE": 29477.004825239695,
  "R2": 0.8867200963822051,
  "CV_MAE_5fold": 18781.486331915767
}