{
  "image": "2.jpg",
  "image_size": [
    1024,
    683
  ],
  "detections": [
    {
      "box": [
        260.7057800292969,
        178.0690155029297,
        410.7298278808594,
        525.1292724609375
      ],
      "label": 1,
      "score": 0.998896598815918
    },
    {
      "box": [
        235.009765625,
        339.5208435058594,
        469.0866394042969,
        565.1195068359375
      ],
      "label": 2,
      "score": 0.9970455765724182
    },
    {
      "box": [
        375.7816467285156,
        240.90579223632812,
        683.1591186523438,
        399.4302978515625
      ],
      "label": 3,
      "score": 0.9946495890617371
    },
    {
      "box": [
        76.03559875488281,
        262.1604309082031,
        117.22618865966797,
        315.5113220214844
      ],
      "label": 2,
      "score": 0.9901701807975769
    }
  ],
  "meta": {
    "source": "multi-feature-updated.py",
    "threshold": 0.5
  }
}