{
  "image": "20.jpg",
  "image_size": [
    1200,
    1200
  ],
  "detections": [
    {
      "box": [
        62.63983154296875,
        94.92073059082031,
        1134.3621826171875,
        1108.83837890625
      ],
      "label": 28,
      "score": 0.9434317946434021
    }
  ],
  "meta": {
    "source": "multi-feature-updated.py",
    "threshold": 0.5
  }
}