{
  "image": "9.jpg",
  "image_size": [
    2560,
    1681
  ],
  "detections": [
    {
      "box": [
        6.744470596313477,
        821.0762329101562,
        1749.18017578125,
        1662.8861083984375
      ],
      "label": 65,
      "score": 0.9990518689155579
    },
    {
      "box": [
        2161.561767578125,
        986.144775390625,
        2308.619384765625,
        1210.9656982421875
      ],
      "label": 70,
      "score": 0.9956262111663818
    }
  ],
  "meta": {
    "source": "multi-feature-updated.py",
    "threshold": 0.5
  }
}