{
  "image": "bus.jpg",
  "image_size": [
    768,
    576
  ],
  "detections": [
    {
      "box": [
        130.31640625,
        225.0630340576172,
        318.98773193359375,
        534.1467895507812
      ],
      "label": "18",
      "score": 0.996094286441803
    },
    {
      "box": [
        143.05825442478695,
        148.4447597385773,
        382.595983528239,
        409.3966740775908
      ],
      "label": "2",
      "score": 0.9842727184295654
    },
    {
      "box": [
        471.6438903808594,
        79.22529602050781,
        680.5769653320312,
        169.98883056640625
      ],
      "label": "3",
      "score": 0.7619054317474365
    },
    {
      "box": [
        467.36944580078125,
        83.12671661376953,
        678.8590698242188,
        167.97837829589844
      ],
      "label": "8",
      "score": 0.5438920259475708
    }
  ],
  "meta": {
    "source": "multi-feature-updated.py",
    "threshold": "None",
    "preprocess": {
      "method": "average_per_label",
      "cluster_iou": 0.0,
      "score_thres": 0.5,
      "score_default": 0.9
    },
    "counts_per_label": {
      "18": 0,
      "2": 0,
      "3": 0,
      "8": 0
    }
  }
}